﻿<?xml version="1.0" encoding="utf-8"?>
<Contents id="28">
  <Content id="1">
    <ContentName>Черепашка</ContentName>
    <ContentCode>код</ContentCode>
    <Size>5*5</Size>
    <ImageLink>1.png</ImageLink>
    <Price>0</Price>
  </Content>
  <Content id="2">
    <ContentName />
    <ContentCode />
    <Size />
    <ImageLink>2.png</ImageLink>
    <Price>0</Price>
  </Content>
  <Content id="3">
    <ContentName />
    <ContentCode />
    <Size />
    <ImageLink>3.png</ImageLink>
    <Price>0</Price>
  </Content>
  <Content id="4">
    <ContentName />
    <ContentCode />
    <Size />
    <ImageLink>4.png</ImageLink>
    <Price>0</Price>
  </Content>
  <Content id="5">
    <ContentName />
    <ContentCode />
    <Size />
    <ImageLink>5.png</ImageLink>
    <Price>0</Price>
  </Content>
  <Content id="6">
    <ContentName />
    <ContentCode />
    <Size />
    <ImageLink>6.png</ImageLink>
    <Price>0</Price>
  </Content>
  <Content id="7">
    <ContentName />
    <ContentCode />
    <Size />
    <ImageLink>7.png</ImageLink>
    <Price>0</Price>
  </Content>
  <Content id="8">
    <ContentName />
    <ContentCode />
    <Size />
    <ImageLink>8.png</ImageLink>
    <Price>0</Price>
  </Content>
  <Content id="9">
    <ContentName />
    <ContentCode />
    <Size />
    <ImageLink>9.png</ImageLink>
    <Price>0</Price>
  </Content>
  <Content id="10">
    <ContentName />
    <ContentCode />
    <Size />
    <ImageLink>10.png</ImageLink>
    <Price>0</Price>
  </Content>
  <Content id="11">
    <ContentName />
    <ContentCode />
    <Size />
    <ImageLink>11.png</ImageLink>
    <Price>0</Price>
  </Content>
  <Content id="12">
    <ContentName />
    <ContentCode />
    <Size />
    <ImageLink>12.png</ImageLink>
    <Price>0</Price>
  </Content>
  <Content id="13">
    <ContentName />
    <ContentCode />
    <Size />
    <ImageLink>13.png</ImageLink>
    <Price>0</Price>
  </Content>
  <Content id="14">
    <ContentName />
    <ContentCode />
    <Size />
    <ImageLink>14.png</ImageLink>
    <Price>0</Price>
  </Content>
  <Content id="15">
    <ContentName />
    <ContentCode />
    <Size />
    <ImageLink>15.png</ImageLink>
    <Price>0</Price>
  </Content>
  <Content id="16">
    <ContentName />
    <ContentCode />
    <Size />
    <ImageLink>16.png</ImageLink>
    <Price>0</Price>
  </Content>
  <Content id="17">
    <ContentName />
    <ContentCode />
    <Size />
    <ImageLink>17.png</ImageLink>
    <Price>0</Price>
  </Content>
  <Content id="18">
    <ContentName />
    <ContentCode />
    <Size />
    <ImageLink>18.png</ImageLink>
    <Price>0</Price>
  </Content>
  <Content id="19">
    <ContentName />
    <ContentCode />
    <Size />
    <ImageLink>19.png</ImageLink>
    <Price>0</Price>
  </Content>
  <Content id="20">
    <ContentName />
    <ContentCode />
    <Size />
    <ImageLink>20.png</ImageLink>
    <Price>0</Price>
  </Content>
  <Content id="21">
    <ContentName />
    <ContentCode />
    <Size />
    <ImageLink>21.png</ImageLink>
    <Price>0</Price>
  </Content>
  <Content id="22">
    <ContentName />
    <ContentCode />
    <Size />
    <ImageLink>22.png</ImageLink>
    <Price>0</Price>
  </Content>
  <Content id="23">
    <ContentName />
    <ContentCode />
    <Size />
    <ImageLink>23.png</ImageLink>
    <Price>0</Price>
  </Content>
  <Content id="24">
    <ContentName />
    <ContentCode />
    <Size />
    <ImageLink>24.png</ImageLink>
    <Price>0</Price>
  </Content>
  <Content id="25">
    <ContentName />
    <ContentCode />
    <Size />
    <ImageLink>25.png</ImageLink>
    <Price>0</Price>
  </Content>
  <Content id="26">
    <ContentName />
    <ContentCode />
    <Size />
    <ImageLink>26.png</ImageLink>
    <Price>0</Price>
  </Content>
  <Content id="27">
    <ContentName />
    <ContentCode />
    <Size />
    <ImageLink>27.png</ImageLink>
    <Price>0</Price>
  </Content>
  <Content id="28">
    <ContentName />
    <ContentCode />
    <Size />
    <ImageLink>28.png</ImageLink>
    <Price>0</Price>
  </Content>
</Contents>